[{"model": "auth.permission", "pk": 1, "fields": {"name": "Can add log entry", "content_type": 1, "codename": "add_logentry"}}, {"model": "auth.permission", "pk": 2, "fields": {"name": "Can change log entry", "content_type": 1, "codename": "change_logentry"}}, {"model": "auth.permission", "pk": 3, "fields": {"name": "Can delete log entry", "content_type": 1, "codename": "delete_logentry"}}, {"model": "auth.permission", "pk": 4, "fields": {"name": "Can view log entry", "content_type": 1, "codename": "view_logentry"}}, {"model": "auth.permission", "pk": 5, "fields": {"name": "Can add permission", "content_type": 2, "codename": "add_permission"}}, {"model": "auth.permission", "pk": 6, "fields": {"name": "Can change permission", "content_type": 2, "codename": "change_permission"}}, {"model": "auth.permission", "pk": 7, "fields": {"name": "Can delete permission", "content_type": 2, "codename": "delete_permission"}}, {"model": "auth.permission", "pk": 8, "fields": {"name": "Can view permission", "content_type": 2, "codename": "view_permission"}}, {"model": "auth.permission", "pk": 9, "fields": {"name": "Can add group", "content_type": 3, "codename": "add_group"}}, {"model": "auth.permission", "pk": 10, "fields": {"name": "Can change group", "content_type": 3, "codename": "change_group"}}, {"model": "auth.permission", "pk": 11, "fields": {"name": "Can delete group", "content_type": 3, "codename": "delete_group"}}, {"model": "auth.permission", "pk": 12, "fields": {"name": "Can view group", "content_type": 3, "codename": "view_group"}}, {"model": "auth.permission", "pk": 13, "fields": {"name": "Can add content type", "content_type": 4, "codename": "add_contenttype"}}, {"model": "auth.permission", "pk": 14, "fields": {"name": "Can change content type", "content_type": 4, "codename": "change_contenttype"}}, {"model": "auth.permission", "pk": 15, "fields": {"name": "Can delete content type", "content_type": 4, "codename": "delete_contenttype"}}, {"model": "auth.permission", "pk": 16, "fields": {"name": "Can view content type", "content_type": 4, "codename": "view_contenttype"}}, {"model": "auth.permission", "pk": 17, "fields": {"name": "Can add session", "content_type": 5, "codename": "add_session"}}, {"model": "auth.permission", "pk": 18, "fields": {"name": "Can change session", "content_type": 5, "codename": "change_session"}}, {"model": "auth.permission", "pk": 19, "fields": {"name": "Can delete session", "content_type": 5, "codename": "delete_session"}}, {"model": "auth.permission", "pk": 20, "fields": {"name": "Can view session", "content_type": 5, "codename": "view_session"}}, {"model": "auth.permission", "pk": 21, "fields": {"name": "Can add product category", "content_type": 6, "codename": "add_productcategory"}}, {"model": "auth.permission", "pk": 22, "fields": {"name": "Can change product category", "content_type": 6, "codename": "change_productcategory"}}, {"model": "auth.permission", "pk": 23, "fields": {"name": "Can delete product category", "content_type": 6, "codename": "delete_productcategory"}}, {"model": "auth.permission", "pk": 24, "fields": {"name": "Can view product category", "content_type": 6, "codename": "view_productcategory"}}, {"model": "auth.permission", "pk": 25, "fields": {"name": "Can add product", "content_type": 7, "codename": "add_product"}}, {"model": "auth.permission", "pk": 26, "fields": {"name": "Can change product", "content_type": 7, "codename": "change_product"}}, {"model": "auth.permission", "pk": 27, "fields": {"name": "Can delete product", "content_type": 7, "codename": "delete_product"}}, {"model": "auth.permission", "pk": 28, "fields": {"name": "Can view product", "content_type": 7, "codename": "view_product"}}, {"model": "auth.permission", "pk": 29, "fields": {"name": "Can add user", "content_type": 8, "codename": "add_user"}}, {"model": "auth.permission", "pk": 30, "fields": {"name": "Can change user", "content_type": 8, "codename": "change_user"}}, {"model": "auth.permission", "pk": 31, "fields": {"name": "Can delete user", "content_type": 8, "codename": "delete_user"}}, {"model": "auth.permission", "pk": 32, "fields": {"name": "Can view user", "content_type": 8, "codename": "view_user"}}, {"model": "auth.permission", "pk": 33, "fields": {"name": "Can add basket", "content_type": 9, "codename": "add_basket"}}, {"model": "auth.permission", "pk": 34, "fields": {"name": "Can change basket", "content_type": 9, "codename": "change_basket"}}, {"model": "auth.permission", "pk": 35, "fields": {"name": "Can delete basket", "content_type": 9, "codename": "delete_basket"}}, {"model": "auth.permission", "pk": 36, "fields": {"name": "Can view basket", "content_type": 9, "codename": "view_basket"}}, {"model": "auth.permission", "pk": 37, "fields": {"name": "Can add association", "content_type": 10, "codename": "add_association"}}, {"model": "auth.permission", "pk": 38, "fields": {"name": "Can change association", "content_type": 10, "codename": "change_association"}}, {"model": "auth.permission", "pk": 39, "fields": {"name": "Can delete association", "content_type": 10, "codename": "delete_association"}}, {"model": "auth.permission", "pk": 40, "fields": {"name": "Can view association", "content_type": 10, "codename": "view_association"}}, {"model": "auth.permission", "pk": 41, "fields": {"name": "Can add code", "content_type": 11, "codename": "add_code"}}, {"model": "auth.permission", "pk": 42, "fields": {"name": "Can change code", "content_type": 11, "codename": "change_code"}}, {"model": "auth.permission", "pk": 43, "fields": {"name": "Can delete code", "content_type": 11, "codename": "delete_code"}}, {"model": "auth.permission", "pk": 44, "fields": {"name": "Can view code", "content_type": 11, "codename": "view_code"}}, {"model": "auth.permission", "pk": 45, "fields": {"name": "Can add nonce", "content_type": 12, "codename": "add_nonce"}}, {"model": "auth.permission", "pk": 46, "fields": {"name": "Can change nonce", "content_type": 12, "codename": "change_nonce"}}, {"model": "auth.permission", "pk": 47, "fields": {"name": "Can delete nonce", "content_type": 12, "codename": "delete_nonce"}}, {"model": "auth.permission", "pk": 48, "fields": {"name": "Can view nonce", "content_type": 12, "codename": "view_nonce"}}, {"model": "auth.permission", "pk": 49, "fields": {"name": "Can add user social auth", "content_type": 13, "codename": "add_usersocialauth"}}, {"model": "auth.permission", "pk": 50, "fields": {"name": "Can change user social auth", "content_type": 13, "codename": "change_usersocialauth"}}, {"model": "auth.permission", "pk": 51, "fields": {"name": "Can delete user social auth", "content_type": 13, "codename": "delete_usersocialauth"}}, {"model": "auth.permission", "pk": 52, "fields": {"name": "Can view user social auth", "content_type": 13, "codename": "view_usersocialauth"}}, {"model": "auth.permission", "pk": 53, "fields": {"name": "Can add partial", "content_type": 14, "codename": "add_partial"}}, {"model": "auth.permission", "pk": 54, "fields": {"name": "Can change partial", "content_type": 14, "codename": "change_partial"}}, {"model": "auth.permission", "pk": 55, "fields": {"name": "Can delete partial", "content_type": 14, "codename": "delete_partial"}}, {"model": "auth.permission", "pk": 56, "fields": {"name": "Can view partial", "content_type": 14, "codename": "view_partial"}}, {"model": "auth.permission", "pk": 57, "fields": {"name": "Can add shop user profile", "content_type": 15, "codename": "add_shopuserprofile"}}, {"model": "auth.permission", "pk": 58, "fields": {"name": "Can change shop user profile", "content_type": 15, "codename": "change_shopuserprofile"}}, {"model": "auth.permission", "pk": 59, "fields": {"name": "Can delete shop user profile", "content_type": 15, "codename": "delete_shopuserprofile"}}, {"model": "auth.permission", "pk": 60, "fields": {"name": "Can view shop user profile", "content_type": 15, "codename": "view_shopuserprofile"}}, {"model": "auth.permission", "pk": 61, "fields": {"name": "Can add \u0437\u0430\u043a\u0430\u0437", "content_type": 16, "codename": "add_order"}}, {"model": "auth.permission", "pk": 62, "fields": {"name": "Can change \u0437\u0430\u043a\u0430\u0437", "content_type": 16, "codename": "change_order"}}, {"model": "auth.permission", "pk": 63, "fields": {"name": "Can delete \u0437\u0430\u043a\u0430\u0437", "content_type": 16, "codename": "delete_order"}}, {"model": "auth.permission", "pk": 64, "fields": {"name": "Can view \u0437\u0430\u043a\u0430\u0437", "content_type": 16, "codename": "view_order"}}, {"model": "auth.permission", "pk": 65, "fields": {"name": "Can add order item", "content_type": 17, "codename": "add_orderitem"}}, {"model": "auth.permission", "pk": 66, "fields": {"name": "Can change order item", "content_type": 17, "codename": "change_orderitem"}}, {"model": "auth.permission", "pk": 67, "fields": {"name": "Can delete order item", "content_type": 17, "codename": "delete_orderitem"}}, {"model": "auth.permission", "pk": 68, "fields": {"name": "Can view order item", "content_type": 17, "codename": "view_orderitem"}}, {"model": "sessions.session", "pk": "9cse8q0eriwlcsvrq09cazkoax5o4ky8", "fields": {"session_data": "ZjY4NWFiZDFjN2IzMzFmMWUyYWNlMThhOTM0MTNiYmNlYjMxZjkxZjp7Im5leHQiOiIvIiwidmstb2F1dGgyX3N0YXRlIjoiTkJwSFYxQXJtTWxKZkVrcUFEMkp2T3dwSTdNTVJPQ2EiLCJfYXV0aF91c2VyX2lkIjoiMjAiLCJfYXV0aF91c2VyX2JhY2tlbmQiOiJzb2NpYWxfY29yZS5iYWNrZW5kcy52ay5WS09BdXRoMiIsIl9hdXRoX3VzZXJfaGFzaCI6ImY2MTY0MTllMmNiZGViY2RhZGNjNmM0MDY3MzMyNTM5NGI1NGI3NjQiLCJzb2NpYWxfYXV0aF9sYXN0X2xvZ2luX2JhY2tlbmQiOiJ2ay1vYXV0aDIifQ==", "expire_date": "2021-04-19T12:28:00.292Z"}}, {"model": "sessions.session", "pk": "hhb01csiunilx00j6ax6onseyg9rfw84", "fields": {"session_data": "ZjI2MjU0NDhlNzEzMDQyYTZiMDMyODM0MTUyZGIwYzY0ZDY1OTUzMzp7Im5leHQiOiIvIiwidmstb2F1dGgyX3N0YXRlIjoiSWt2VmI2UXd6cFlld3F5QVR4R2FJd0lubmxvQWtBcVUiLCJfYXV0aF91c2VyX2lkIjoiMjAiLCJfYXV0aF91c2VyX2JhY2tlbmQiOiJzb2NpYWxfY29yZS5iYWNrZW5kcy52ay5WS09BdXRoMiIsIl9hdXRoX3VzZXJfaGFzaCI6ImY2MTY0MTllMmNiZGViY2RhZGNjNmM0MDY3MzMyNTM5NGI1NGI3NjQiLCJzb2NpYWxfYXV0aF9sYXN0X2xvZ2luX2JhY2tlbmQiOiJ2ay1vYXV0aDIifQ==", "expire_date": "2021-04-25T17:27:35.363Z"}}, {"model": "sessions.session", "pk": "iv61x0tp55h3fa7vy6gk1sppj9oq3rua", "fields": {"session_data": "ZjY4NWFiZDFjN2IzMzFmMWUyYWNlMThhOTM0MTNiYmNlYjMxZjkxZjp7Im5leHQiOiIvIiwidmstb2F1dGgyX3N0YXRlIjoiTkJwSFYxQXJtTWxKZkVrcUFEMkp2T3dwSTdNTVJPQ2EiLCJfYXV0aF91c2VyX2lkIjoiMjAiLCJfYXV0aF91c2VyX2JhY2tlbmQiOiJzb2NpYWxfY29yZS5iYWNrZW5kcy52ay5WS09BdXRoMiIsIl9hdXRoX3VzZXJfaGFzaCI6ImY2MTY0MTllMmNiZGViY2RhZGNjNmM0MDY3MzMyNTM5NGI1NGI3NjQiLCJzb2NpYWxfYXV0aF9sYXN0X2xvZ2luX2JhY2tlbmQiOiJ2ay1vYXV0aDIifQ==", "expire_date": "2021-04-19T12:28:01.334Z"}}, {"model": "sessions.session", "pk": "mdrz7mxf8g4yp632jhcftxh7xy475nxn", "fields": {"session_data": "YzlmNTIyYjI5ZGIxNWQzZWQwZGUxOTRjNjEyODMwOWU2NzFkMzE1Nzp7Im5leHQiOiIvIiwidmstb2F1dGgyX3N0YXRlIjoidzNSMXg4RkRRWFM0MldmWUQ3cmVrektZY1JCNXMwY3kifQ==", "expire_date": "2021-04-05T00:28:57.276Z"}}, {"model": "sessions.session", "pk": "vwjarllicstfur4zs6uso8x0x6b1ybvc", "fields": {"session_data": "YWJlMjc0MjhkNDVlMjY3Y2Q2YWY4MzA4MTkzNjg4ZDdhZjI2MTU2MDp7Il9hdXRoX3VzZXJfaWQiOiIyIiwiX2F1dGhfdXNlcl9iYWNrZW5kIjoiZGphbmdvLmNvbnRyaWIuYXV0aC5iYWNrZW5kcy5Nb2RlbEJhY2tlbmQiLCJfYXV0aF91c2VyX2hhc2giOiI2YjgwYzJjZDRjNTMyYjcyYzE1OGVhOTY0ZGU3YjBjOGI1M2ExNWRhIn0=", "expire_date": "2021-02-22T04:37:34.205Z"}}, {"model": "sessions.session", "pk": "zyydvtdbl9l14acwsednr0pakmhxscin", "fields": {"session_data": "ZWY2ZWJhNTM3ZTQ0OTI4ZmQwYTgwNDdjZDQxOWY3Y2YwZDFiODc5Yzp7Il9hdXRoX3VzZXJfaWQiOiIxIiwiX2F1dGhfdXNlcl9iYWNrZW5kIjoiZGphbmdvLmNvbnRyaWIuYXV0aC5iYWNrZW5kcy5Nb2RlbEJhY2tlbmQiLCJfYXV0aF91c2VyX2hhc2giOiI0OWQ0YjI5Yjc3ZDVlN2FmZjc5MTQ0MzAwNjIzOTE5Yzg2M2E2NDk4In0=", "expire_date": "2021-02-27T18:14:32.199Z"}}, {"model": "mainapp.productcategory", "pk": 1, "fields": {"name": "\u041d\u043e\u0432\u0438\u043d\u043a\u0438", "description": "\u041a\u0430\u0442\u0435\u0433\u043e\u0440\u0438\u044f \u0434\u043b\u044f \u043d\u043e\u0432\u0438\u043d\u043e\u043a"}}, {"model": "mainapp.productcategory", "pk": 2, "fields": {"name": "\u041e\u0434\u0435\u0436\u0434\u0430", "description": null}}, {"model": "mainapp.productcategory", "pk": 3, "fields": {"name": "\u041e\u0431\u0443\u0432\u044c", "description": ""}}, {"model": "mainapp.productcategory", "pk": 4, "fields": {"name": "\u0410\u043a\u0441\u0435\u0441\u0441\u0443\u0430\u0440\u044b", "description": ""}}, {"model": "mainapp.productcategory", "pk": 5, "fields": {"name": "\u041f\u043e\u0434\u0430\u0440\u043a\u0438", "description": ""}}, {"model": "mainapp.product", "pk": 1, "fields": {"name": "\u0425\u0443\u0434\u0438 \u0447\u0435\u0440\u043d\u043e\u0433\u043e \u0446\u0432\u0435\u0442\u0430 \u0441 \u043c\u043e\u043d\u043e\u0433\u0440\u0430\u043c\u043c\u0430\u043c\u0438 adidas Originals", "image": "products_images/Adidas-hoodie.png", "description": "", "short_description": "\u041c\u044f\u0433\u043a\u0430\u044f \u0442\u043a\u0430\u043d\u044c \u0434\u043b\u044f \u0441\u0432\u0438\u0442\u0448\u043e\u0442\u043e\u0432. \u0421\u0442\u0438\u043b\u044c \u0438 \u043a\u043e\u043c\u0444\u043e\u0440\u0442 \u2013 \u044d\u0442\u043e \u043e\u0431\u0440\u0430\u0437 \u0436\u0438\u0437\u043d\u0438.", "price": "6090.00", "quantity": 41, "category": 2}}, {"model": "mainapp.product", "pk": 2, "fields": {"name": "\u0421\u0438\u043d\u044f\u044f \u043a\u0443\u0440\u0442\u043a\u0430 The North Face", "image": "products_images/Blue-jacket-The-North-Face.png", "description": "", "short_description": "\u0413\u043b\u0430\u0434\u043a\u0430\u044f \u0442\u043a\u0430\u043d\u044c. \u0412\u043e\u0434\u043e\u043d\u0435\u043f\u0440\u043e\u043d\u0438\u0446\u0430\u0435\u043c\u043e\u0435 \u043f\u043e\u043a\u0440\u044b\u0442\u0438\u0435. \u041b\u0435\u0433\u043a\u0438\u0439 \u0438 \u0442\u0435\u043f\u043b\u044b\u0439 \u043f\u0443\u0445\u043e\u0432", "price": "23725.00", "quantity": 41, "category": 2}}, {"model": "mainapp.product", "pk": 3, "fields": {"name": "\u041a\u043e\u0440\u0438\u0447\u043d\u0435\u0432\u044b\u0439 \u0441\u043f\u043e\u0440\u0442\u0438\u0432\u043d\u044b\u0439 oversized-\u0442\u043e\u043f ASOS DESIGN", "image": "products_images/Brown-sports-oversized-top-ASOS-DESIGN.png", "description": "", "short_description": "\u041c\u0430\u0442\u0435\u0440\u0438\u0430\u043b \u0441 \u043f\u043b\u044e\u0448\u0435\u0432\u043e\u0439 \u0442\u0435\u043a\u0441\u0442\u0443\u0440\u043e\u0439. \u0423\u0434\u043e\u0431\u043d\u044b\u0439 \u0438 \u043c\u044f\u0433\u043a\u0438\u0439.", "price": "3390.00", "quantity": 62, "category": 2}}, {"model": "mainapp.product", "pk": 4, "fields": {"name": "\u0427\u0435\u0440\u043d\u044b\u0439 \u0440\u044e\u043a\u0437\u0430\u043a Nike Heritage", "image": "products_images/Black-Nike-Heritage-backpack.png", "description": "", "short_description": "\u041f\u043b\u043e\u0442\u043d\u0430\u044f \u0442\u043a\u0430\u043d\u044c. \u041b\u0435\u0433\u043a\u0438\u0439 \u043c\u0430\u0442\u0435\u0440\u0438\u0430\u043b.", "price": "2340.00", "quantity": 59, "category": 1}}, {"model": "mainapp.product", "pk": 5, "fields": {"name": "\u0427\u0435\u0440\u043d\u044b\u0435 \u0442\u0443\u0444\u043b\u0438 \u043d\u0430 \u043f\u043b\u0430\u0442\u0444\u043e\u0440\u043c\u0435 \u0441 3 \u043f\u0430\u0440\u0430\u043c\u0438 \u043b\u044e\u0432\u0435\u0440\u0441\u043e\u0432 Dr Martens 1461 Bex", "image": "products_images/Black-Dr-Martens-shoes.png", "description": "", "short_description": "\u0413\u043b\u0430\u0434\u043a\u0438\u0439 \u043a\u043e\u0436\u0430\u043d\u044b\u0439 \u0432\u0435\u0440\u0445. \u041d\u0430\u0442\u0443\u0440\u0430\u043b\u044c\u043d\u044b\u0439 \u043c\u0430\u0442\u0435\u0440\u0438\u0430\u043b.", "price": "13590.00", "quantity": 20, "category": 3}}, {"model": "mainapp.product", "pk": 6, "fields": {"name": "\u0422\u0435\u043c\u043d\u043e-\u0441\u0438\u043d\u0438\u0435 \u0448\u0438\u0440\u043e\u043a\u0438\u0435 \u0441\u0442\u0440\u043e\u0433\u0438\u0435 \u0431\u0440\u044e\u043a\u0438 ASOS DESIGN", "image": "products_images/Dark-blue-wide-leg-ASOs-DESIGN-trousers.png", "description": "", "short_description": "\u041b\u0435\u0433\u043a\u0430\u044f \u044d\u043b\u0430\u0441\u0442\u0438\u0447\u043d\u0430\u044f \u0442\u043a\u0430\u043d\u044c \u0441\u0438\u0440\u0441\u0430\u043a\u0435\u0440 \u0424\u0430\u043a\u0442\u0443\u0440\u043d\u0430\u044f \u0442\u043a\u0430\u043d\u044c.", "price": "2890.00", "quantity": 33, "category": 2}}, {"model": "mainapp.product", "pk": 9, "fields": {"name": "new", "image": "def/default.jpg", "description": "", "short_description": "new", "price": "1.00", "quantity": 3, "category": 1}}, {"model": "authapp.user", "pk": 1, "fields": {"password": "pbkdf2_sha256$150000$uWO3f6PpHaKX$+TOIhB4Anx720/4ZKVNphxsIgYx2RDZjg75gmmpk9vA=", "last_login": "2021-04-05T15:32:48.643Z", "is_superuser": true, "username": "kaizer", "first_name": "\u0410\u0434\u043c\u0438\u043d", "last_name": "\u0410\u0434\u043c\u0438\u043d", "email": "", "is_staff": true, "is_active": true, "date_joined": "2021-02-03T06:48:42Z", "avatar": "users_avatar/unnamed_1_sx7a4ON.jpg", "age": 29, "birthday": "1991-09-18", "activation_key": null, "activation_key_expires": "2021-03-17T16:50:44Z", "groups": [], "user_permissions": []}}, {"model": "authapp.user", "pk": 2, "fields": {"password": "pbkdf2_sha256$150000$yVhIyCfjiJAW$YL1DWR3c8n7w5fbPcKbbwFVmmK3qc9C7oKYWttjeRI0=", "last_login": "2021-02-13T17:56:25.022Z", "is_superuser": false, "username": "Rama", "first_name": "Rama", "last_name": "Kaizer", "email": "rd.rd@mail.ru", "is_staff": false, "is_active": true, "date_joined": "2021-02-04T12:36:30Z", "avatar": "users_avatar/unnamed_1_9sHfP2V.jpg", "age": null, "birthday": "1990-04-12", "activation_key": null, "activation_key_expires": "2021-03-17T16:50:44.038Z", "groups": [], "user_permissions": []}}, {"model": "authapp.user", "pk": 5, "fields": {"password": "pbkdf2_sha256$150000$ludMsTL5dt6E$nZbP4NdlFBHdgGaGI+6SKjuMSNmiwFGJwF7T0EKktpY=", "last_login": null, "is_superuser": false, "username": "Pupkin", "first_name": "Vasilii", "last_name": "Pupkin", "email": "Pupkin@mail.ru", "is_staff": false, "is_active": false, "date_joined": "2021-02-13T14:00:11.958Z", "avatar": "users_avatar/unnamed_1_TujIaze.jpg", "age": null, "birthday": null, "activation_key": null, "activation_key_expires": "2021-03-17T16:50:44.038Z", "groups": [], "user_permissions": []}}, {"model": "authapp.user", "pk": 6, "fields": {"password": "pbkdf2_sha256$150000$oPUMbHea9kRt$WbHUu0wfHrI9BR/U0LyZ89+sBxsFy4owyZIN7dSB92c=", "last_login": null, "is_superuser": false, "username": "Ivanov12", "first_name": "Dima", "last_name": "Ivanov", "email": "Ivanov@mail.ru", "is_staff": false, "is_active": false, "date_joined": "2021-02-13T14:01:14.365Z", "avatar": "users_avatar/unnamed_HoPm4bM.jpg", "age": null, "birthday": null, "activation_key": null, "activation_key_expires": "2021-03-17T16:50:44.038Z", "groups": [], "user_permissions": []}}, {"model": "authapp.user", "pk": 7, "fields": {"password": "pbkdf2_sha256$150000$fwh3MREKX3Nv$U8htWQo+EmaZzvpkcT9mrJ0PYQzln74XBnD5lnNy7rQ=", "last_login": null, "is_superuser": false, "username": "ramilia", "first_name": "ramilia", "last_name": "ramilia", "email": "ramilia1@mail.ru", "is_staff": false, "is_active": false, "date_joined": "2021-03-16T12:58:43.972Z", "avatar": "", "age": null, "birthday": null, "activation_key": "1c91925d72b6a29fa2c22bdf7d96fddc09877905", "activation_key_expires": "2021-03-18T12:57:35.149Z", "groups": [], "user_permissions": []}}, {"model": "authapp.user", "pk": 8, "fields": {"password": "pbkdf2_sha256$150000$WJlgsbgAEuRs$U4rohmz5VB6r8yEu5FPwhqpG680Oj+GO/T59Sn3wZl4=", "last_login": null, "is_superuser": false, "username": "ramilia3", "first_name": "ramilia3", "last_name": "ramilia3", "email": "ramilia3@mail.ru", "is_staff": false, "is_active": false, "date_joined": "2021-03-16T12:59:09.373Z", "avatar": "", "age": null, "birthday": null, "activation_key": "09b28ddf3fe597106d7284593fcd9add1586edb6", "activation_key_expires": "2021-03-18T12:57:35.149Z", "groups": [], "user_permissions": []}}, {"model": "authapp.user", "pk": 9, "fields": {"password": "pbkdf2_sha256$150000$zN7Kator1nHy$2bnRVrxVPiyATwr/+rk+ZjT6plBsUbDo924CRmIUS4E=", "last_login": null, "is_superuser": false, "username": "ramilia4", "first_name": "ramilia4", "last_name": "ramilia4", "email": "ramilia4@mail.ru", "is_staff": false, "is_active": false, "date_joined": "2021-03-16T13:51:06.959Z", "avatar": "", "age": null, "birthday": null, "activation_key": "e01170b07b1f7f9f59a687c05527bd4eca65ac6f", "activation_key_expires": "2021-03-18T13:48:44.036Z", "groups": [], "user_permissions": []}}, {"model": "authapp.user", "pk": 10, "fields": {"password": "pbkdf2_sha256$150000$MY9kWDjx3tBS$1FesLMReJ52VUgCr4y+UokWLG2oNNr1pTmrP/i0YGkA=", "last_login": null, "is_superuser": false, "username": "ramilia5", "first_name": "ramilia5", "last_name": "ramilia5", "email": "ramilia5@mail.ru", "is_staff": false, "is_active": false, "date_joined": "2021-03-16T13:55:51.657Z", "avatar": "", "age": null, "birthday": null, "activation_key": "19cb69cb7ffa960db562474b90fe8b439bd93760", "activation_key_expires": "2021-03-18T13:55:18.812Z", "groups": [], "user_permissions": []}}, {"model": "authapp.user", "pk": 11, "fields": {"password": "pbkdf2_sha256$150000$CPvoiDw9zCBQ$ubKMNIsUn6mL4ELjqOU22kaDnFjhV99ywvp8r5yPkEk=", "last_login": null, "is_superuser": false, "username": "Rama12", "first_name": "Rama12", "last_name": "Rama12", "email": "Rama12@mail.ru", "is_staff": false, "is_active": false, "date_joined": "2021-03-16T13:57:15.830Z", "avatar": "", "age": null, "birthday": null, "activation_key": "433bf622f174563f4c8ca017e0474ffbe6c709a0", "activation_key_expires": "2021-03-18T13:56:47.706Z", "groups": [], "user_permissions": []}}, {"model": "authapp.user", "pk": 12, "fields": {"password": "pbkdf2_sha256$150000$a4sO0QlBArsL$8aMXBazAffoNYuCWxQNxMvM98GyUXsLU8YWuL5sy/g4=", "last_login": null, "is_superuser": false, "username": "Kira1", "first_name": "Kira1", "last_name": "Kira1", "email": "Kira1@mail.ru", "is_staff": false, "is_active": false, "date_joined": "2021-03-16T13:59:22Z", "avatar": "", "age": 12, "birthday": "2021-04-30", "activation_key": "bd2dd61d2abcb998a018d0588fa6a7d4aa017e3c", "activation_key_expires": "2021-03-18T13:58:50Z", "groups": [], "user_permissions": []}}, {"model": "authapp.user", "pk": 13, "fields": {"password": "pbkdf2_sha256$150000$Y9LfmOvgWXIc$Bsx4Bq3/6GiFJ9bj7wlvH2iJAcR/YLZcE47/Aj/LRcY=", "last_login": null, "is_superuser": false, "username": "ramal", "first_name": "ramal", "last_name": "ramal", "email": "ramal@mail.ru", "is_staff": false, "is_active": false, "date_joined": "2021-03-16T15:23:53.216Z", "avatar": "", "age": null, "birthday": null, "activation_key": "4a9bbddd29cbb210a976d7ba634ea067a1e0d610", "activation_key_expires": "2021-03-18T15:23:13.339Z", "groups": [], "user_permissions": []}}, {"model": "authapp.user", "pk": 14, "fields": {"password": "pbkdf2_sha256$150000$Q8tHC7uyh40f$8R4kR3lK4nkluba3sTP3v6ujyBzIDEN7edw47jLA3UY=", "last_login": "2021-03-16T16:46:39.135Z", "is_superuser": false, "username": "Gera", "first_name": "Gera", "last_name": "Gera", "email": "Gera@mail.ru", "is_staff": false, "is_active": true, "date_joined": "2021-03-16T16:21:09.498Z", "avatar": "", "age": null, "birthday": null, "activation_key": null, "activation_key_expires": "2021-03-18T16:20:29.240Z", "groups": [], "user_permissions": []}}, {"model": "authapp.user", "pk": 15, "fields": {"password": "pbkdf2_sha256$150000$VpQwhDisSxu1$JC4cZCiiyCiMQHQKsTNdUOmz4xsrpD7QzO9x+6qNx2s=", "last_login": "2021-03-16T21:07:26.084Z", "is_superuser": false, "username": "anton3", "first_name": "anton3", "last_name": "anton3", "email": "anton3@mail.ru", "is_staff": false, "is_active": true, "date_joined": "2021-03-16T21:06:56.686Z", "avatar": "", "age": null, "birthday": null, "activation_key": null, "activation_key_expires": "2021-03-18T21:05:19.727Z", "groups": [], "user_permissions": []}}, {"model": "authapp.user", "pk": 20, "fields": {"password": "!o18rEZMRzcLWMyNCSulmjOlxD2STJyq2k64T3K4o", "last_login": "2021-04-11T17:27:33.156Z", "is_superuser": false, "username": "ra_kaizer", "first_name": "\u0420\u0430\u043c\u0438\u043b\u044f", "last_name": "\u041a\u0430\u0439\u0437\u0435\u0440", "email": "rd.rd@mail.ru", "is_staff": false, "is_active": true, "date_joined": "2021-03-22T01:51:04.948Z", "avatar": "", "age": 36, "birthday": "1985-07-21", "activation_key": null, "activation_key_expires": "2021-03-24T01:49:17.974Z", "groups": [], "user_permissions": []}}, {"model": "authapp.shopuserprofile", "pk": 1, "fields": {"user": 1, "tagline": "", "aboutMe": "", "gender": ""}}, {"model": "authapp.shopuserprofile", "pk": 2, "fields": {"user": 2, "tagline": "", "aboutMe": "", "gender": ""}}, {"model": "authapp.shopuserprofile", "pk": 3, "fields": {"user": 5, "tagline": "", "aboutMe": "", "gender": ""}}, {"model": "authapp.shopuserprofile", "pk": 4, "fields": {"user": 6, "tagline": "", "aboutMe": "", "gender": ""}}, {"model": "authapp.shopuserprofile", "pk": 5, "fields": {"user": 7, "tagline": "", "aboutMe": "", "gender": ""}}, {"model": "authapp.shopuserprofile", "pk": 6, "fields": {"user": 8, "tagline": "", "aboutMe": "", "gender": ""}}, {"model": "authapp.shopuserprofile", "pk": 7, "fields": {"user": 9, "tagline": "", "aboutMe": "", "gender": ""}}, {"model": "authapp.shopuserprofile", "pk": 8, "fields": {"user": 10, "tagline": "", "aboutMe": "", "gender": ""}}, {"model": "authapp.shopuserprofile", "pk": 9, "fields": {"user": 11, "tagline": "", "aboutMe": "", "gender": ""}}, {"model": "authapp.shopuserprofile", "pk": 10, "fields": {"user": 12, "tagline": "", "aboutMe": "", "gender": ""}}, {"model": "authapp.shopuserprofile", "pk": 11, "fields": {"user": 13, "tagline": "", "aboutMe": "", "gender": ""}}, {"model": "authapp.shopuserprofile", "pk": 12, "fields": {"user": 14, "tagline": "", "aboutMe": "", "gender": ""}}, {"model": "authapp.shopuserprofile", "pk": 13, "fields": {"user": 15, "tagline": "", "aboutMe": "", "gender": ""}}, {"model": "authapp.shopuserprofile", "pk": 18, "fields": {"user": 20, "tagline": "", "aboutMe": "", "gender": "W"}}, {"model": "basket.basket", "pk": 21, "fields": {"user": 1, "product": 5, "quantity": 2, "created_timestamp": "2021-02-08T12:03:54.327Z"}}, {"model": "basket.basket", "pk": 28, "fields": {"user": 2, "product": 3, "quantity": 1, "created_timestamp": "2021-02-11T07:30:14.222Z"}}, {"model": "basket.basket", "pk": 29, "fields": {"user": 2, "product": 2, "quantity": 1, "created_timestamp": "2021-02-11T07:30:17.132Z"}}, {"model": "social_django.usersocialauth", "pk": 2, "fields": {"user": 20, "provider": "vk-oauth2", "uid": "225683896", "extra_data": "{\"auth_time\": 1618162048, \"id\": 225683896, \"expires\": 86398, \"access_token\": \"9ff1c2ecc8f01f5165f75ffae1650a95b2ea5c96866efaadc410fee95acc128345876a453c6ece057aeea\", \"token_type\": null}", "created": "2021-03-22T01:51:05.448Z", "modified": "2021-04-11T17:27:28.703Z"}}, {"model": "ordersapp.order", "pk": 1, "fields": {"user": 20, "created": "2021-04-05T14:56:40.020Z", "updated": "2021-04-05T15:09:52.703Z", "status": "STP", "is_active": true}}, {"model": "ordersapp.order", "pk": 2, "fields": {"user": 20, "created": "2021-04-05T14:56:57.960Z", "updated": "2021-04-05T14:58:09.264Z", "status": "FM", "is_active": false}}, {"model": "ordersapp.order", "pk": 3, "fields": {"user": 20, "created": "2021-04-05T15:10:27.667Z", "updated": "2021-04-05T15:10:44.034Z", "status": "FM", "is_active": false}}, {"model": "ordersapp.order", "pk": 4, "fields": {"user": 20, "created": "2021-04-05T15:10:52.114Z", "updated": "2021-04-05T15:10:56.985Z", "status": "FM", "is_active": false}}, {"model": "ordersapp.order", "pk": 5, "fields": {"user": 20, "created": "2021-04-05T15:11:06.220Z", "updated": "2021-04-05T15:11:06.446Z", "status": "FM", "is_active": false}}, {"model": "ordersapp.order", "pk": 6, "fields": {"user": 20, "created": "2021-04-05T15:11:12.930Z", "updated": "2021-04-05T15:11:13.191Z", "status": "FM", "is_active": false}}, {"model": "ordersapp.order", "pk": 7, "fields": {"user": 20, "created": "2021-04-05T15:11:21.593Z", "updated": "2021-04-05T15:31:33.602Z", "status": "FM", "is_active": false}}, {"model": "ordersapp.order", "pk": 8, "fields": {"user": 20, "created": "2021-04-05T15:31:40.653Z", "updated": "2021-04-05T15:31:53.367Z", "status": "STP", "is_active": true}}, {"model": "ordersapp.order", "pk": 9, "fields": {"user": 1, "created": "2021-04-05T15:42:14.462Z", "updated": "2021-04-05T15:42:14.725Z", "status": "FM", "is_active": false}}, {"model": "ordersapp.order", "pk": 10, "fields": {"user": 20, "created": "2021-04-07T23:19:00.319Z", "updated": "2021-04-07T23:23:12.634Z", "status": "FM", "is_active": false}}, {"model": "ordersapp.order", "pk": 11, "fields": {"user": 20, "created": "2021-04-07T23:23:23.976Z", "updated": "2021-04-07T23:23:24.246Z", "status": "FM", "is_active": false}}, {"model": "ordersapp.order", "pk": 12, "fields": {"user": 20, "created": "2021-04-07T23:23:37.730Z", "updated": "2021-04-07T23:25:24.588Z", "status": "STP", "is_active": true}}, {"model": "ordersapp.order", "pk": 13, "fields": {"user": 20, "created": "2021-04-07T23:24:06.926Z", "updated": "2021-04-07T23:25:21.662Z", "status": "STP", "is_active": true}}, {"model": "ordersapp.order", "pk": 14, "fields": {"user": 20, "created": "2021-04-08T01:00:35.923Z", "updated": "2021-04-08T01:06:44.243Z", "status": "FM", "is_active": false}}, {"model": "ordersapp.order", "pk": 15, "fields": {"user": 20, "created": "2021-04-08T01:07:03.639Z", "updated": "2021-04-08T01:07:03.969Z", "status": "FM", "is_active": false}}, {"model": "ordersapp.order", "pk": 16, "fields": {"user": 20, "created": "2021-04-08T01:07:10.583Z", "updated": "2021-04-08T01:39:09.817Z", "status": "FM", "is_active": false}}, {"model": "ordersapp.order", "pk": 17, "fields": {"user": 20, "created": "2021-04-08T01:37:06.111Z", "updated": "2021-04-08T01:37:45.478Z", "status": "FM", "is_active": false}}, {"model": "ordersapp.order", "pk": 18, "fields": {"user": 20, "created": "2021-04-08T01:56:12.342Z", "updated": "2021-04-08T01:56:28.044Z", "status": "STP", "is_active": true}}, {"model": "ordersapp.order", "pk": 19, "fields": {"user": 20, "created": "2021-04-08T02:16:25.607Z", "updated": "2021-04-08T02:16:45.490Z", "status": "STP", "is_active": true}}, {"model": "ordersapp.order", "pk": 20, "fields": {"user": 20, "created": "2021-04-08T02:19:14.462Z", "updated": "2021-04-08T20:38:04.945Z", "status": "FM", "is_active": false}}, {"model": "ordersapp.order", "pk": 21, "fields": {"user": 20, "created": "2021-04-08T23:11:19.694Z", "updated": "2021-04-08T23:13:06.890Z", "status": "FM", "is_active": false}}, {"model": "ordersapp.order", "pk": 22, "fields": {"user": 20, "created": "2021-04-08T23:38:47.510Z", "updated": "2021-04-08T23:39:25.930Z", "status": "FM", "is_active": false}}, {"model": "ordersapp.order", "pk": 23, "fields": {"user": 20, "created": "2021-04-08T23:43:46.325Z", "updated": "2021-04-08T23:43:56.162Z", "status": "FM", "is_active": false}}, {"model": "ordersapp.order", "pk": 24, "fields": {"user": 20, "created": "2021-04-08T23:51:40.150Z", "updated": "2021-04-09T00:03:06.254Z", "status": "STP", "is_active": true}}, {"model": "ordersapp.order", "pk": 25, "fields": {"user": 20, "created": "2021-04-08T23:54:56.695Z", "updated": "2021-04-08T23:54:56.908Z", "status": "FM", "is_active": false}}, {"model": "ordersapp.order", "pk": 26, "fields": {"user": 20, "created": "2021-04-08T23:57:44.966Z", "updated": "2021-04-08T23:57:45.307Z", "status": "FM", "is_active": false}}, {"model": "ordersapp.order", "pk": 27, "fields": {"user": 20, "created": "2021-04-09T00:03:13.868Z", "updated": "2021-04-09T00:03:24.280Z", "status": "FM", "is_active": false}}, {"model": "ordersapp.order", "pk": 28, "fields": {"user": 20, "created": "2021-04-09T00:04:03.055Z", "updated": "2021-04-09T00:05:20.658Z", "status": "FM", "is_active": false}}, {"model": "ordersapp.order", "pk": 29, "fields": {"user": 20, "created": "2021-04-09T00:04:18.437Z", "updated": "2021-04-09T00:04:50.501Z", "status": "FM", "is_active": false}}, {"model": "ordersapp.order", "pk": 30, "fields": {"user": 20, "created": "2021-04-09T00:07:45.202Z", "updated": "2021-04-09T00:08:06.366Z", "status": "FM", "is_active": false}}, {"model": "ordersapp.order", "pk": 31, "fields": {"user": 20, "created": "2021-04-09T00:09:58.179Z", "updated": "2021-04-09T00:15:30.618Z", "status": "FM", "is_active": false}}, {"model": "ordersapp.order", "pk": 32, "fields": {"user": 20, "created": "2021-04-09T00:15:48.553Z", "updated": "2021-04-09T00:15:53.193Z", "status": "FM", "is_active": false}}, {"model": "ordersapp.order", "pk": 33, "fields": {"user": 20, "created": "2021-04-09T21:30:03.745Z", "updated": "2021-04-09T21:31:19.024Z", "status": "FM", "is_active": false}}, {"model": "ordersapp.order", "pk": 34, "fields": {"user": 20, "created": "2021-04-09T21:33:42.002Z", "updated": "2021-04-09T21:34:17.275Z", "status": "FM", "is_active": false}}, {"model": "ordersapp.order", "pk": 35, "fields": {"user": 20, "created": "2021-04-09T21:34:31.040Z", "updated": "2021-04-09T21:35:23.041Z", "status": "FM", "is_active": false}}, {"model": "ordersapp.order", "pk": 36, "fields": {"user": 20, "created": "2021-04-09T21:42:56.866Z", "updated": "2021-04-09T21:43:07.980Z", "status": "FM", "is_active": false}}, {"model": "ordersapp.order", "pk": 37, "fields": {"user": 20, "created": "2021-04-09T21:45:16.586Z", "updated": "2021-04-09T21:53:09.646Z", "status": "FM", "is_active": false}}, {"model": "ordersapp.order", "pk": 38, "fields": {"user": 20, "created": "2021-04-09T21:47:52.243Z", "updated": "2021-04-09T21:51:10.348Z", "status": "FM", "is_active": false}}, {"model": "ordersapp.order", "pk": 39, "fields": {"user": 20, "created": "2021-04-09T21:54:19.719Z", "updated": "2021-04-09T21:56:07.174Z", "status": "FM", "is_active": false}}, {"model": "ordersapp.order", "pk": 40, "fields": {"user": 20, "created": "2021-04-09T21:56:42.312Z", "updated": "2021-04-09T22:12:49.996Z", "status": "FM", "is_active": false}}, {"model": "ordersapp.order", "pk": 41, "fields": {"user": 20, "created": "2021-04-09T22:24:16.099Z", "updated": "2021-04-09T22:24:32.445Z", "status": "FM", "is_active": false}}, {"model": "ordersapp.order", "pk": 42, "fields": {"user": 20, "created": "2021-04-09T22:29:46.537Z", "updated": "2021-04-09T23:01:35.807Z", "status": "FM", "is_active": false}}, {"model": "ordersapp.order", "pk": 43, "fields": {"user": 20, "created": "2021-04-09T23:12:01.676Z", "updated": "2021-04-09T23:12:20.324Z", "status": "FM", "is_active": false}}, {"model": "ordersapp.order", "pk": 44, "fields": {"user": 20, "created": "2021-04-09T23:12:36.400Z", "updated": "2021-04-09T23:13:06.106Z", "status": "FM", "is_active": false}}, {"model": "ordersapp.order", "pk": 45, "fields": {"user": 20, "created": "2021-04-10T02:22:26.532Z", "updated": "2021-04-10T02:27:47.905Z", "status": "FM", "is_active": false}}, {"model": "ordersapp.order", "pk": 46, "fields": {"user": 20, "created": "2021-04-10T02:29:55.747Z", "updated": "2021-04-10T02:29:56.011Z", "status": "FM", "is_active": false}}, {"model": "ordersapp.order", "pk": 47, "fields": {"user": 20, "created": "2021-04-10T02:30:02.097Z", "updated": "2021-04-10T02:53:40.387Z", "status": "FM", "is_active": false}}, {"model": "ordersapp.order", "pk": 48, "fields": {"user": 20, "created": "2021-04-10T02:43:35.086Z", "updated": "2021-04-10T02:43:35.523Z", "status": "FM", "is_active": false}}, {"model": "ordersapp.order", "pk": 49, "fields": {"user": 20, "created": "2021-04-10T02:53:48.063Z", "updated": "2021-04-10T05:03:15.333Z", "status": "FM", "is_active": false}}, {"model": "ordersapp.order", "pk": 50, "fields": {"user": 20, "created": "2021-04-10T05:04:43.094Z", "updated": "2021-04-10T05:09:54.193Z", "status": "FM", "is_active": false}}, {"model": "ordersapp.order", "pk": 51, "fields": {"user": 20, "created": "2021-04-10T05:06:14.458Z", "updated": "2021-04-10T05:06:32.861Z", "status": "FM", "is_active": false}}, {"model": "ordersapp.order", "pk": 52, "fields": {"user": 20, "created": "2021-04-10T05:07:12.789Z", "updated": "2021-04-10T05:09:49.521Z", "status": "FM", "is_active": false}}, {"model": "ordersapp.order", "pk": 53, "fields": {"user": 20, "created": "2021-04-10T05:07:32.093Z", "updated": "2021-04-10T05:09:32.233Z", "status": "FM", "is_active": false}}, {"model": "ordersapp.order", "pk": 54, "fields": {"user": 20, "created": "2021-04-10T05:14:58.731Z", "updated": "2021-04-10T05:18:36.396Z", "status": "FM", "is_active": false}}, {"model": "ordersapp.order", "pk": 55, "fields": {"user": 20, "created": "2021-04-10T05:18:43.023Z", "updated": "2021-04-10T05:18:55.356Z", "status": "FM", "is_active": false}}, {"model": "ordersapp.order", "pk": 56, "fields": {"user": 20, "created": "2021-04-10T05:19:20.470Z", "updated": "2021-04-10T05:19:20.718Z", "status": "FM", "is_active": false}}, {"model": "ordersapp.order", "pk": 57, "fields": {"user": 20, "created": "2021-04-10T05:19:27.233Z", "updated": "2021-04-10T05:20:13.105Z", "status": "FM", "is_active": false}}, {"model": "ordersapp.order", "pk": 58, "fields": {"user": 20, "created": "2021-04-10T05:20:39.165Z", "updated": "2021-04-11T12:58:56.562Z", "status": "FM", "is_active": false}}, {"model": "ordersapp.order", "pk": 59, "fields": {"user": 20, "created": "2021-04-11T12:59:10.529Z", "updated": "2021-04-11T12:59:16.119Z", "status": "FM", "is_active": false}}, {"model": "ordersapp.order", "pk": 60, "fields": {"user": 20, "created": "2021-04-11T12:59:22.122Z", "updated": "2021-04-11T15:16:47.922Z", "status": "FM", "is_active": false}}, {"model": "ordersapp.order", "pk": 61, "fields": {"user": 20, "created": "2021-04-11T15:14:59.657Z", "updated": "2021-04-11T15:16:14.149Z", "status": "FM", "is_active": false}}, {"model": "ordersapp.order", "pk": 62, "fields": {"user": 20, "created": "2021-04-11T15:25:59.994Z", "updated": "2021-04-11T15:28:41.483Z", "status": "FM", "is_active": false}}, {"model": "ordersapp.order", "pk": 63, "fields": {"user": 20, "created": "2021-04-11T15:27:06.481Z", "updated": "2021-04-11T15:28:38.774Z", "status": "FM", "is_active": false}}, {"model": "ordersapp.order", "pk": 64, "fields": {"user": 20, "created": "2021-04-11T15:28:49.048Z", "updated": "2021-04-11T16:47:57.153Z", "status": "FM", "is_active": false}}, {"model": "ordersapp.order", "pk": 65, "fields": {"user": 20, "created": "2021-04-11T15:53:50.476Z", "updated": "2021-04-11T16:34:23.434Z", "status": "FM", "is_active": false}}, {"model": "ordersapp.order", "pk": 66, "fields": {"user": 20, "created": "2021-04-11T16:49:51.652Z", "updated": "2021-04-11T16:49:51.851Z", "status": "FM", "is_active": false}}, {"model": "ordersapp.order", "pk": 67, "fields": {"user": 20, "created": "2021-04-11T16:55:06.049Z", "updated": "2021-04-11T17:50:51.867Z", "status": "FM", "is_active": false}}, {"model": "ordersapp.order", "pk": 68, "fields": {"user": 20, "created": "2021-04-11T17:28:57.348Z", "updated": "2021-04-11T17:50:46.509Z", "status": "FM", "is_active": false}}, {"model": "ordersapp.order", "pk": 69, "fields": {"user": 20, "created": "2021-04-11T17:48:20.464Z", "updated": "2021-04-11T17:50:41.220Z", "status": "FM", "is_active": false}}, {"model": "ordersapp.order", "pk": 70, "fields": {"user": 20, "created": "2021-04-11T17:51:20.623Z", "updated": "2021-04-11T17:51:39.553Z", "status": "FM", "is_active": false}}, {"model": "ordersapp.order", "pk": 71, "fields": {"user": 20, "created": "2021-04-13T14:29:39.683Z", "updated": "2021-04-13T14:29:39.951Z", "status": "FM", "is_active": false}}, {"model": "ordersapp.order", "pk": 72, "fields": {"user": 20, "created": "2021-04-13T15:15:56.690Z", "updated": "2021-04-13T15:38:53.388Z", "status": "FM", "is_active": false}}, {"model": "ordersapp.order", "pk": 73, "fields": {"user": 20, "created": "2021-04-13T15:20:30.042Z", "updated": "2021-04-13T15:20:45.302Z", "status": "FM", "is_active": false}}, {"model": "ordersapp.order", "pk": 74, "fields": {"user": 20, "created": "2021-04-13T15:41:30.250Z", "updated": "2021-04-13T15:41:39.472Z", "status": "STP", "is_active": true}}, {"model": "ordersapp.order", "pk": 75, "fields": {"user": 20, "created": "2021-04-13T15:42:21.492Z", "updated": "2021-04-13T15:43:02.668Z", "status": "FM", "is_active": false}}, {"model": "ordersapp.order", "pk": 76, "fields": {"user": 20, "created": "2021-04-13T15:43:44.090Z", "updated": "2021-04-13T16:29:52.244Z", "status": "FM", "is_active": false}}, {"model": "ordersapp.order", "pk": 77, "fields": {"user": 20, "created": "2021-04-13T16:29:46.571Z", "updated": "2021-04-13T16:49:04.342Z", "status": "FM", "is_active": false}}, {"model": "ordersapp.order", "pk": 78, "fields": {"user": 20, "created": "2021-04-13T16:32:25.084Z", "updated": "2021-04-13T16:48:21.075Z", "status": "FM", "is_active": false}}, {"model": "ordersapp.order", "pk": 79, "fields": {"user": 20, "created": "2021-04-13T16:48:43.410Z", "updated": "2021-04-13T16:49:00.822Z", "status": "FM", "is_active": false}}, {"model": "ordersapp.order", "pk": 80, "fields": {"user": 20, "created": "2021-04-13T16:49:24.107Z", "updated": "2021-04-13T16:53:14.591Z", "status": "FM", "is_active": false}}, {"model": "ordersapp.orderitem", "pk": 1, "fields": {"order": 1, "product": 1, "quantity": 2}}, {"model": "ordersapp.orderitem", "pk": 2, "fields": {"order": 2, "product": 6, "quantity": 4}}, {"model": "ordersapp.orderitem", "pk": 3, "fields": {"order": 3, "product": 4, "quantity": 3}}, {"model": "ordersapp.orderitem", "pk": 4, "fields": {"order": 4, "product": 3, "quantity": 2}}, {"model": "ordersapp.orderitem", "pk": 5, "fields": {"order": 7, "product": 2, "quantity": 5}}, {"model": "ordersapp.orderitem", "pk": 6, "fields": {"order": 8, "product": 1, "quantity": 10}}, {"model": "ordersapp.orderitem", "pk": 7, "fields": {"order": 9, "product": 4, "quantity": 0}}, {"model": "ordersapp.orderitem", "pk": 8, "fields": {"order": 10, "product": 6, "quantity": 1}}, {"model": "ordersapp.orderitem", "pk": 9, "fields": {"order": 10, "product": 2, "quantity": 1}}, {"model": "ordersapp.orderitem", "pk": 10, "fields": {"order": 11, "product": 2, "quantity": 0}}, {"model": "ordersapp.orderitem", "pk": 11, "fields": {"order": 12, "product": 4, "quantity": 1}}, {"model": "ordersapp.orderitem", "pk": 12, "fields": {"order": 13, "product": 2, "quantity": 1}}, {"model": "ordersapp.orderitem", "pk": 13, "fields": {"order": 14, "product": 6, "quantity": 1}}, {"model": "ordersapp.orderitem", "pk": 14, "fields": {"order": 15, "product": 5, "quantity": 0}}, {"model": "ordersapp.orderitem", "pk": 15, "fields": {"order": 16, "product": 5, "quantity": 1}}, {"model": "ordersapp.orderitem", "pk": 16, "fields": {"order": 17, "product": 2, "quantity": 3}}, {"model": "ordersapp.orderitem", "pk": 17, "fields": {"order": 18, "product": 1, "quantity": 2}}, {"model": "ordersapp.orderitem", "pk": 18, "fields": {"order": 19, "product": 1, "quantity": 1}}, {"model": "ordersapp.orderitem", "pk": 19, "fields": {"order": 20, "product": 4, "quantity": 2}}, {"model": "ordersapp.orderitem", "pk": 20, "fields": {"order": 21, "product": 2, "quantity": 4}}, {"model": "ordersapp.orderitem", "pk": 21, "fields": {"order": 22, "product": 4, "quantity": 2}}, {"model": "ordersapp.orderitem", "pk": 22, "fields": {"order": 23, "product": 6, "quantity": 13}}, {"model": "ordersapp.orderitem", "pk": 23, "fields": {"order": 24, "product": 4, "quantity": 2}}, {"model": "ordersapp.orderitem", "pk": 24, "fields": {"order": 27, "product": 2, "quantity": 1}}, {"model": "ordersapp.orderitem", "pk": 25, "fields": {"order": 28, "product": 2, "quantity": 2}}, {"model": "ordersapp.orderitem", "pk": 26, "fields": {"order": 29, "product": 2, "quantity": 2}}, {"model": "ordersapp.orderitem", "pk": 27, "fields": {"order": 30, "product": 2, "quantity": 2}}, {"model": "ordersapp.orderitem", "pk": 28, "fields": {"order": 31, "product": 2, "quantity": 1}}, {"model": "ordersapp.orderitem", "pk": 29, "fields": {"order": 32, "product": 3, "quantity": 2}}, {"model": "ordersapp.orderitem", "pk": 30, "fields": {"order": 33, "product": 4, "quantity": 14}}, {"model": "ordersapp.orderitem", "pk": 31, "fields": {"order": 34, "product": 1, "quantity": 2}}, {"model": "ordersapp.orderitem", "pk": 32, "fields": {"order": 35, "product": 2, "quantity": 2}}, {"model": "ordersapp.orderitem", "pk": 33, "fields": {"order": 36, "product": 3, "quantity": 5}}, {"model": "ordersapp.orderitem", "pk": 34, "fields": {"order": 37, "product": 3, "quantity": 3}}, {"model": "ordersapp.orderitem", "pk": 35, "fields": {"order": 38, "product": 2, "quantity": 3}}, {"model": "ordersapp.orderitem", "pk": 36, "fields": {"order": 39, "product": 3, "quantity": 4}}, {"model": "ordersapp.orderitem", "pk": 37, "fields": {"order": 40, "product": 4, "quantity": 3}}, {"model": "ordersapp.orderitem", "pk": 38, "fields": {"order": 40, "product": 3, "quantity": 2}}, {"model": "ordersapp.orderitem", "pk": 39, "fields": {"order": 40, "product": 5, "quantity": 6}}, {"model": "ordersapp.orderitem", "pk": 40, "fields": {"order": 40, "product": 6, "quantity": 3}}, {"model": "ordersapp.orderitem", "pk": 41, "fields": {"order": 41, "product": 3, "quantity": 4}}, {"model": "ordersapp.orderitem", "pk": 42, "fields": {"order": 42, "product": 1, "quantity": 8}}, {"model": "ordersapp.orderitem", "pk": 44, "fields": {"order": 43, "product": 3, "quantity": 0}}, {"model": "ordersapp.orderitem", "pk": 45, "fields": {"order": 44, "product": 2, "quantity": 2}}, {"model": "ordersapp.orderitem", "pk": 46, "fields": {"order": 44, "product": 4, "quantity": 7}}, {"model": "ordersapp.orderitem", "pk": 48, "fields": {"order": 46, "product": 1, "quantity": 0}}, {"model": "ordersapp.orderitem", "pk": 49, "fields": {"order": 47, "product": 1, "quantity": 10}}, {"model": "ordersapp.orderitem", "pk": 50, "fields": {"order": 47, "product": 5, "quantity": 3}}, {"model": "ordersapp.orderitem", "pk": 51, "fields": {"order": 48, "product": 1, "quantity": 0}}, {"model": "ordersapp.orderitem", "pk": 52, "fields": {"order": 47, "product": 1, "quantity": 1}}, {"model": "ordersapp.orderitem", "pk": 53, "fields": {"order": 49, "product": 3, "quantity": 6}}, {"model": "ordersapp.orderitem", "pk": 54, "fields": {"order": 49, "product": 4, "quantity": 6}}, {"model": "ordersapp.orderitem", "pk": 56, "fields": {"order": 51, "product": 2, "quantity": 4}}, {"model": "ordersapp.orderitem", "pk": 57, "fields": {"order": 51, "product": 3, "quantity": 5}}, {"model": "ordersapp.orderitem", "pk": 62, "fields": {"order": 55, "product": 2, "quantity": 4}}, {"model": "ordersapp.orderitem", "pk": 66, "fields": {"order": 59, "product": 5, "quantity": 2}}, {"model": "ordersapp.orderitem", "pk": 73, "fields": {"order": 60, "product": 4, "quantity": 8}}, {"model": "ordersapp.orderitem", "pk": 88, "fields": {"order": 62, "product": 2, "quantity": 9}}, {"model": "ordersapp.orderitem", "pk": 89, "fields": {"order": 63, "product": 3, "quantity": 3}}, {"model": "ordersapp.orderitem", "pk": 91, "fields": {"order": 64, "product": 3, "quantity": 1}}, {"model": "ordersapp.orderitem", "pk": 92, "fields": {"order": 65, "product": 4, "quantity": 4}}, {"model": "ordersapp.orderitem", "pk": 93, "fields": {"order": 65, "product": 2, "quantity": 3}}, {"model": "ordersapp.orderitem", "pk": 94, "fields": {"order": 65, "product": 2, "quantity": 0}}, {"model": "ordersapp.orderitem", "pk": 97, "fields": {"order": 64, "product": 4, "quantity": 1}}, {"model": "ordersapp.orderitem", "pk": 98, "fields": {"order": 64, "product": 4, "quantity": 1}}, {"model": "ordersapp.orderitem", "pk": 99, "fields": {"order": 64, "product": 6, "quantity": 1}}, {"model": "ordersapp.orderitem", "pk": 100, "fields": {"order": 67, "product": 2, "quantity": 2}}, {"model": "ordersapp.orderitem", "pk": 101, "fields": {"order": 67, "product": 3, "quantity": 1}}, {"model": "ordersapp.orderitem", "pk": 102, "fields": {"order": 67, "product": 2, "quantity": 1}}, {"model": "ordersapp.orderitem", "pk": 103, "fields": {"order": 67, "product": 3, "quantity": 1}}, {"model": "ordersapp.orderitem", "pk": 104, "fields": {"order": 68, "product": 4, "quantity": 2}}, {"model": "ordersapp.orderitem", "pk": 105, "fields": {"order": 68, "product": 6, "quantity": 1}}, {"model": "ordersapp.orderitem", "pk": 106, "fields": {"order": 68, "product": 2, "quantity": 1}}, {"model": "ordersapp.orderitem", "pk": 107, "fields": {"order": 68, "product": 1, "quantity": 3}}, {"model": "ordersapp.orderitem", "pk": 108, "fields": {"order": 69, "product": 4, "quantity": 1}}, {"model": "ordersapp.orderitem", "pk": 109, "fields": {"order": 69, "product": 6, "quantity": 1}}, {"model": "ordersapp.orderitem", "pk": 110, "fields": {"order": 69, "product": 9, "quantity": 1}}, {"model": "ordersapp.orderitem", "pk": 111, "fields": {"order": 69, "product": 3, "quantity": 1}}, {"model": "ordersapp.orderitem", "pk": 112, "fields": {"order": 70, "product": 6, "quantity": 1}}, {"model": "ordersapp.orderitem", "pk": 113, "fields": {"order": 70, "product": 4, "quantity": 1}}, {"model": "ordersapp.orderitem", "pk": 114, "fields": {"order": 70, "product": 9, "quantity": 2}}, {"model": "ordersapp.orderitem", "pk": 115, "fields": {"order": 72, "product": 4, "quantity": 13}}, {"model": "ordersapp.orderitem", "pk": 116, "fields": {"order": 72, "product": 6, "quantity": 6}}, {"model": "ordersapp.orderitem", "pk": 117, "fields": {"order": 73, "product": 6, "quantity": 3}}, {"model": "ordersapp.orderitem", "pk": 118, "fields": {"order": 73, "product": 4, "quantity": 2}}, {"model": "ordersapp.orderitem", "pk": 119, "fields": {"order": 74, "product": 4, "quantity": 2}}, {"model": "ordersapp.orderitem", "pk": 120, "fields": {"order": 75, "product": 6, "quantity": 3}}, {"model": "ordersapp.orderitem", "pk": 122, "fields": {"order": 76, "product": 1, "quantity": 1}}, {"model": "ordersapp.orderitem", "pk": 123, "fields": {"order": 77, "product": 6, "quantity": 5}}, {"model": "ordersapp.orderitem", "pk": 124, "fields": {"order": 77, "product": 4, "quantity": 1}}, {"model": "ordersapp.orderitem", "pk": 125, "fields": {"order": 78, "product": 4, "quantity": 2}}, {"model": "ordersapp.orderitem", "pk": 126, "fields": {"order": 78, "product": 3, "quantity": 2}}, {"model": "ordersapp.orderitem", "pk": 127, "fields": {"order": 79, "product": 4, "quantity": 3}}, {"model": "ordersapp.orderitem", "pk": 128, "fields": {"order": 79, "product": 6, "quantity": 3}}, {"model": "ordersapp.orderitem", "pk": 129, "fields": {"order": 80, "product": 4, "quantity": 4}}, {"model": "ordersapp.orderitem", "pk": 130, "fields": {"order": 80, "product": 9, "quantity": 2}}, {"model": "admin.logentry", "pk": 1, "fields": {"action_time": "2021-02-08T04:30:50.728Z", "user": 1, "content_type": 7, "object_id": "6", "object_repr": "\u0422\u0435\u043c\u043d\u043e-\u0441\u0438\u043d\u0438\u0435 \u0448\u0438\u0440\u043e\u043a\u0438\u0435 \u0441\u0442\u0440\u043e\u0433\u0438\u0435 \u0431\u0440\u044e\u043a\u0438 ASOS DESIGN|\u041e\u0434\u0435\u0436\u0434\u0430", "action_flag": 2, "change_message": "[{\"changed\": {\"fields\": [\"image\"]}}]"}}, {"model": "admin.logentry", "pk": 2, "fields": {"action_time": "2021-02-08T04:31:02.173Z", "user": 1, "content_type": 7, "object_id": "5", "object_repr": "\u0427\u0435\u0440\u043d\u044b\u0435 \u0442\u0443\u0444\u043b\u0438 \u043d\u0430 \u043f\u043b\u0430\u0442\u0444\u043e\u0440\u043c\u0435 \u0441 3 \u043f\u0430\u0440\u0430\u043c\u0438 \u043b\u044e\u0432\u0435\u0440\u0441\u043e\u0432 Dr Martens 1461 Bex|\u041e\u0431\u0443\u0432\u044c", "action_flag": 2, "change_message": "[{\"changed\": {\"fields\": [\"image\"]}}]"}}, {"model": "admin.logentry", "pk": 3, "fields": {"action_time": "2021-02-08T04:31:12.250Z", "user": 1, "content_type": 7, "object_id": "4", "object_repr": "\u0427\u0435\u0440\u043d\u044b\u0439 \u0440\u044e\u043a\u0437\u0430\u043a Nike Heritage|\u041d\u043e\u0432\u0438\u043d\u043a\u0438", "action_flag": 2, "change_message": "[{\"changed\": {\"fields\": [\"image\"]}}]"}}, {"model": "admin.logentry", "pk": 4, "fields": {"action_time": "2021-02-08T04:31:24.153Z", "user": 1, "content_type": 7, "object_id": "3", "object_repr": "\u041a\u043e\u0440\u0438\u0447\u043d\u0435\u0432\u044b\u0439 \u0441\u043f\u043e\u0440\u0442\u0438\u0432\u043d\u044b\u0439 oversized-\u0442\u043e\u043f ASOS DESIGN|\u041e\u0434\u0435\u0436\u0434\u0430", "action_flag": 2, "change_message": "[{\"changed\": {\"fields\": [\"image\"]}}]"}}, {"model": "admin.logentry", "pk": 5, "fields": {"action_time": "2021-02-08T04:31:35.625Z", "user": 1, "content_type": 7, "object_id": "3", "object_repr": "\u041a\u043e\u0440\u0438\u0447\u043d\u0435\u0432\u044b\u0439 \u0441\u043f\u043e\u0440\u0442\u0438\u0432\u043d\u044b\u0439 oversized-\u0442\u043e\u043f ASOS DESIGN|\u041e\u0434\u0435\u0436\u0434\u0430", "action_flag": 2, "change_message": "[{\"changed\": {\"fields\": [\"image\"]}}]"}}, {"model": "admin.logentry", "pk": 6, "fields": {"action_time": "2021-02-08T04:31:44.815Z", "user": 1, "content_type": 7, "object_id": "2", "object_repr": "\u0421\u0438\u043d\u044f\u044f \u043a\u0443\u0440\u0442\u043a\u0430 The North Face|\u041e\u0434\u0435\u0436\u0434\u0430", "action_flag": 2, "change_message": "[{\"changed\": {\"fields\": [\"image\"]}}]"}}, {"model": "admin.logentry", "pk": 7, "fields": {"action_time": "2021-02-08T04:31:54.765Z", "user": 1, "content_type": 7, "object_id": "1", "object_repr": "\u0425\u0443\u0434\u0438 \u0447\u0435\u0440\u043d\u043e\u0433\u043e \u0446\u0432\u0435\u0442\u0430 \u0441 \u043c\u043e\u043d\u043e\u0433\u0440\u0430\u043c\u043c\u0430\u043c\u0438 adidas Originals|\u041e\u0434\u0435\u0436\u0434\u0430", "action_flag": 2, "change_message": "[{\"changed\": {\"fields\": [\"image\"]}}]"}}, {"model": "admin.logentry", "pk": 8, "fields": {"action_time": "2021-02-08T05:31:26.871Z", "user": 1, "content_type": 8, "object_id": "2", "object_repr": "ttama_kai", "action_flag": 2, "change_message": "[]"}}, {"model": "admin.logentry", "pk": 9, "fields": {"action_time": "2021-02-08T05:40:17.541Z", "user": 1, "content_type": 8, "object_id": "2", "object_repr": "ttama_kai", "action_flag": 2, "change_message": "[{\"changed\": {\"fields\": [\"birthday\"]}}]"}}, {"model": "admin.logentry", "pk": 10, "fields": {"action_time": "2021-02-08T05:40:37.919Z", "user": 1, "content_type": 8, "object_id": "2", "object_repr": "ttama_kai", "action_flag": 2, "change_message": "[{\"changed\": {\"fields\": [\"age\", \"birthday\"]}}]"}}, {"model": "admin.logentry", "pk": 11, "fields": {"action_time": "2021-02-08T05:40:44.274Z", "user": 1, "content_type": 8, "object_id": "2", "object_repr": "ttama_kai", "action_flag": 2, "change_message": "[{\"changed\": {\"fields\": [\"birthday\"]}}]"}}, {"model": "admin.logentry", "pk": 12, "fields": {"action_time": "2021-02-08T05:50:13.163Z", "user": 1, "content_type": 8, "object_id": "1", "object_repr": "kaizer", "action_flag": 2, "change_message": "[{\"changed\": {\"fields\": [\"birthday\"]}}]"}}, {"model": "admin.logentry", "pk": 13, "fields": {"action_time": "2021-02-08T05:50:19.743Z", "user": 1, "content_type": 8, "object_id": "1", "object_repr": "kaizer", "action_flag": 2, "change_message": "[{\"changed\": {\"fields\": [\"age\"]}}]"}}, {"model": "admin.logentry", "pk": 14, "fields": {"action_time": "2021-02-08T05:57:15.037Z", "user": 1, "content_type": 8, "object_id": "2", "object_repr": "ttama_kai", "action_flag": 2, "change_message": "[{\"changed\": {\"fields\": [\"birthday\"]}}]"}}, {"model": "admin.logentry", "pk": 15, "fields": {"action_time": "2021-02-08T05:59:04.127Z", "user": 1, "content_type": 8, "object_id": "2", "object_repr": "ttama_kai", "action_flag": 2, "change_message": "[{\"changed\": {\"fields\": [\"birthday\"]}}]"}}, {"model": "admin.logentry", "pk": 16, "fields": {"action_time": "2021-02-08T05:59:18.187Z", "user": 1, "content_type": 8, "object_id": "1", "object_repr": "kaizer", "action_flag": 2, "change_message": "[{\"changed\": {\"fields\": [\"birthday\"]}}]"}}, {"model": "admin.logentry", "pk": 17, "fields": {"action_time": "2021-02-08T11:13:42.037Z", "user": 1, "content_type": 9, "object_id": "13", "object_repr": "\u041a\u043e\u0440\u0437\u0438\u043d\u0430 \u0434\u043b\u044f kaizer| \u041f\u0440\u043e\u0434\u0443\u043a\u0442 \u041a\u043e\u0440\u0438\u0447\u043d\u0435\u0432\u044b\u0439 \u0441\u043f\u043e\u0440\u0442\u0438\u0432\u043d\u044b\u0439 oversized-\u0442\u043e\u043f ASOS DESIGN", "action_flag": 3, "change_message": ""}}, {"model": "admin.logentry", "pk": 18, "fields": {"action_time": "2021-02-08T11:13:42.163Z", "user": 1, "content_type": 9, "object_id": "12", "object_repr": "\u041a\u043e\u0440\u0437\u0438\u043d\u0430 \u0434\u043b\u044f kaizer| \u041f\u0440\u043e\u0434\u0443\u043a\u0442 \u0422\u0435\u043c\u043d\u043e-\u0441\u0438\u043d\u0438\u0435 \u0448\u0438\u0440\u043e\u043a\u0438\u0435 \u0441\u0442\u0440\u043e\u0433\u0438\u0435 \u0431\u0440\u044e\u043a\u0438 ASOS DESIGN", "action_flag": 3, "change_message": ""}}, {"model": "admin.logentry", "pk": 19, "fields": {"action_time": "2021-02-08T11:13:42.251Z", "user": 1, "content_type": 9, "object_id": "11", "object_repr": "\u041a\u043e\u0440\u0437\u0438\u043d\u0430 \u0434\u043b\u044f kaizer| \u041f\u0440\u043e\u0434\u0443\u043a\u0442 \u0427\u0435\u0440\u043d\u044b\u0435 \u0442\u0443\u0444\u043b\u0438 \u043d\u0430 \u043f\u043b\u0430\u0442\u0444\u043e\u0440\u043c\u0435 \u0441 3 \u043f\u0430\u0440\u0430\u043c\u0438 \u043b\u044e\u0432\u0435\u0440\u0441\u043e\u0432 Dr Martens 1461 Bex", "action_flag": 3, "change_message": ""}}, {"model": "admin.logentry", "pk": 20, "fields": {"action_time": "2021-02-08T11:13:42.338Z", "user": 1, "content_type": 9, "object_id": "10", "object_repr": "\u041a\u043e\u0440\u0437\u0438\u043d\u0430 \u0434\u043b\u044f kaizer| \u041f\u0440\u043e\u0434\u0443\u043a\u0442 \u0427\u0435\u0440\u043d\u044b\u0439 \u0440\u044e\u043a\u0437\u0430\u043a Nike Heritage", "action_flag": 3, "change_message": ""}}, {"model": "admin.logentry", "pk": 21, "fields": {"action_time": "2021-02-08T11:13:42.462Z", "user": 1, "content_type": 9, "object_id": "9", "object_repr": "\u041a\u043e\u0440\u0437\u0438\u043d\u0430 \u0434\u043b\u044f kaizer| \u041f\u0440\u043e\u0434\u0443\u043a\u0442 \u0425\u0443\u0434\u0438 \u0447\u0435\u0440\u043d\u043e\u0433\u043e \u0446\u0432\u0435\u0442\u0430 \u0441 \u043c\u043e\u043d\u043e\u0433\u0440\u0430\u043c\u043c\u0430\u043c\u0438 adidas Originals", "action_flag": 3, "change_message": ""}}, {"model": "admin.logentry", "pk": 22, "fields": {"action_time": "2021-02-08T11:13:42.614Z", "user": 1, "content_type": 9, "object_id": "8", "object_repr": "\u041a\u043e\u0440\u0437\u0438\u043d\u0430 \u0434\u043b\u044f kaizer| \u041f\u0440\u043e\u0434\u0443\u043a\u0442 \u0421\u0438\u043d\u044f\u044f \u043a\u0443\u0440\u0442\u043a\u0430 The North Face", "action_flag": 3, "change_message": ""}}, {"model": "admin.logentry", "pk": 23, "fields": {"action_time": "2021-02-08T11:13:42.691Z", "user": 1, "content_type": 9, "object_id": "7", "object_repr": "\u041a\u043e\u0440\u0437\u0438\u043d\u0430 \u0434\u043b\u044f ttama_kai| \u041f\u0440\u043e\u0434\u0443\u043a\u0442 \u0422\u0435\u043c\u043d\u043e-\u0441\u0438\u043d\u0438\u0435 \u0448\u0438\u0440\u043e\u043a\u0438\u0435 \u0441\u0442\u0440\u043e\u0433\u0438\u0435 \u0431\u0440\u044e\u043a\u0438 ASOS DESIGN", "action_flag": 3, "change_message": ""}}, {"model": "admin.logentry", "pk": 24, "fields": {"action_time": "2021-02-08T11:13:42.769Z", "user": 1, "content_type": 9, "object_id": "6", "object_repr": "\u041a\u043e\u0440\u0437\u0438\u043d\u0430 \u0434\u043b\u044f ttama_kai| \u041f\u0440\u043e\u0434\u0443\u043a\u0442 \u0427\u0435\u0440\u043d\u044b\u0435 \u0442\u0443\u0444\u043b\u0438 \u043d\u0430 \u043f\u043b\u0430\u0442\u0444\u043e\u0440\u043c\u0435 \u0441 3 \u043f\u0430\u0440\u0430\u043c\u0438 \u043b\u044e\u0432\u0435\u0440\u0441\u043e\u0432 Dr Martens 1461 Bex", "action_flag": 3, "change_message": ""}}, {"model": "admin.logentry", "pk": 25, "fields": {"action_time": "2021-02-08T11:13:42.857Z", "user": 1, "content_type": 9, "object_id": "5", "object_repr": "\u041a\u043e\u0440\u0437\u0438\u043d\u0430 \u0434\u043b\u044f ttama_kai| \u041f\u0440\u043e\u0434\u0443\u043a\u0442 \u0427\u0435\u0440\u043d\u044b\u0439 \u0440\u044e\u043a\u0437\u0430\u043a Nike Heritage", "action_flag": 3, "change_message": ""}}, {"model": "admin.logentry", "pk": 26, "fields": {"action_time": "2021-02-08T11:13:42.933Z", "user": 1, "content_type": 9, "object_id": "4", "object_repr": "\u041a\u043e\u0440\u0437\u0438\u043d\u0430 \u0434\u043b\u044f ttama_kai| \u041f\u0440\u043e\u0434\u0443\u043a\u0442 new", "action_flag": 3, "change_message": ""}}, {"model": "admin.logentry", "pk": 27, "fields": {"action_time": "2021-02-08T11:13:43.013Z", "user": 1, "content_type": 9, "object_id": "3", "object_repr": "\u041a\u043e\u0440\u0437\u0438\u043d\u0430 \u0434\u043b\u044f ttama_kai| \u041f\u0440\u043e\u0434\u0443\u043a\u0442 \u041a\u043e\u0440\u0438\u0447\u043d\u0435\u0432\u044b\u0439 \u0441\u043f\u043e\u0440\u0442\u0438\u0432\u043d\u044b\u0439 oversized-\u0442\u043e\u043f ASOS DESIGN", "action_flag": 3, "change_message": ""}}, {"model": "admin.logentry", "pk": 28, "fields": {"action_time": "2021-02-08T11:13:43.093Z", "user": 1, "content_type": 9, "object_id": "2", "object_repr": "\u041a\u043e\u0440\u0437\u0438\u043d\u0430 \u0434\u043b\u044f ttama_kai| \u041f\u0440\u043e\u0434\u0443\u043a\u0442 \u0421\u0438\u043d\u044f\u044f \u043a\u0443\u0440\u0442\u043a\u0430 The North Face", "action_flag": 3, "change_message": ""}}, {"model": "admin.logentry", "pk": 29, "fields": {"action_time": "2021-02-08T11:13:43.180Z", "user": 1, "content_type": 9, "object_id": "1", "object_repr": "\u041a\u043e\u0440\u0437\u0438\u043d\u0430 \u0434\u043b\u044f ttama_kai| \u041f\u0440\u043e\u0434\u0443\u043a\u0442 \u0425\u0443\u0434\u0438 \u0447\u0435\u0440\u043d\u043e\u0433\u043e \u0446\u0432\u0435\u0442\u0430 \u0441 \u043c\u043e\u043d\u043e\u0433\u0440\u0430\u043c\u043c\u0430\u043c\u0438 adidas Originals", "action_flag": 3, "change_message": ""}}, {"model": "admin.logentry", "pk": 30, "fields": {"action_time": "2021-02-08T11:13:59.468Z", "user": 1, "content_type": 7, "object_id": "6", "object_repr": "\u0422\u0435\u043c\u043d\u043e-\u0441\u0438\u043d\u0438\u0435 \u0448\u0438\u0440\u043e\u043a\u0438\u0435 \u0441\u0442\u0440\u043e\u0433\u0438\u0435 \u0431\u0440\u044e\u043a\u0438 ASOS DESIGN|\u041e\u0434\u0435\u0436\u0434\u0430", "action_flag": 2, "change_message": "[{\"changed\": {\"fields\": [\"quantity\"]}}]"}}, {"model": "admin.logentry", "pk": 31, "fields": {"action_time": "2021-02-08T11:14:06.376Z", "user": 1, "content_type": 7, "object_id": "5", "object_repr": "\u0427\u0435\u0440\u043d\u044b\u0435 \u0442\u0443\u0444\u043b\u0438 \u043d\u0430 \u043f\u043b\u0430\u0442\u0444\u043e\u0440\u043c\u0435 \u0441 3 \u043f\u0430\u0440\u0430\u043c\u0438 \u043b\u044e\u0432\u0435\u0440\u0441\u043e\u0432 Dr Martens 1461 Bex|\u041e\u0431\u0443\u0432\u044c", "action_flag": 2, "change_message": "[{\"changed\": {\"fields\": [\"quantity\"]}}]"}}, {"model": "admin.logentry", "pk": 32, "fields": {"action_time": "2021-02-08T11:14:13.366Z", "user": 1, "content_type": 7, "object_id": "4", "object_repr": "\u0427\u0435\u0440\u043d\u044b\u0439 \u0440\u044e\u043a\u0437\u0430\u043a Nike Heritage|\u041d\u043e\u0432\u0438\u043d\u043a\u0438", "action_flag": 2, "change_message": "[{\"changed\": {\"fields\": [\"quantity\"]}}]"}}, {"model": "admin.logentry", "pk": 33, "fields": {"action_time": "2021-02-08T11:14:20.548Z", "user": 1, "content_type": 7, "object_id": "3", "object_repr": "\u041a\u043e\u0440\u0438\u0447\u043d\u0435\u0432\u044b\u0439 \u0441\u043f\u043e\u0440\u0442\u0438\u0432\u043d\u044b\u0439 oversized-\u0442\u043e\u043f ASOS DESIGN|\u041e\u0434\u0435\u0436\u0434\u0430", "action_flag": 2, "change_message": "[{\"changed\": {\"fields\": [\"quantity\"]}}]"}}, {"model": "admin.logentry", "pk": 34, "fields": {"action_time": "2021-02-08T11:14:26.963Z", "user": 1, "content_type": 7, "object_id": "1", "object_repr": "\u0425\u0443\u0434\u0438 \u0447\u0435\u0440\u043d\u043e\u0433\u043e \u0446\u0432\u0435\u0442\u0430 \u0441 \u043c\u043e\u043d\u043e\u0433\u0440\u0430\u043c\u043c\u0430\u043c\u0438 adidas Originals|\u041e\u0434\u0435\u0436\u0434\u0430", "action_flag": 2, "change_message": "[{\"changed\": {\"fields\": [\"quantity\"]}}]"}}, {"model": "admin.logentry", "pk": 35, "fields": {"action_time": "2021-02-08T11:19:03.676Z", "user": 1, "content_type": 9, "object_id": "17", "object_repr": "\u041a\u043e\u0440\u0437\u0438\u043d\u0430 \u0434\u043b\u044f ttama_kai| \u041f\u0440\u043e\u0434\u0443\u043a\u0442 \u0422\u0435\u043c\u043d\u043e-\u0441\u0438\u043d\u0438\u0435 \u0448\u0438\u0440\u043e\u043a\u0438\u0435 \u0441\u0442\u0440\u043e\u0433\u0438\u0435 \u0431\u0440\u044e\u043a\u0438 ASOS DESIGN", "action_flag": 1, "change_message": "[{\"added\": {}}]"}}, {"model": "admin.logentry", "pk": 36, "fields": {"action_time": "2021-02-13T18:18:57.123Z", "user": 1, "content_type": 7, "object_id": "6", "object_repr": "\u0422\u0435\u043c\u043d\u043e-\u0441\u0438\u043d\u0438\u0435 \u0448\u0438\u0440\u043e\u043a\u0438\u0435 \u0441\u0442\u0440\u043e\u0433\u0438\u0435 \u0431\u0440\u044e\u043a\u0438 ASOS DESIGN|\u041e\u0434\u0435\u0436\u0434\u0430", "action_flag": 2, "change_message": "[{\"changed\": {\"fields\": [\"quantity\"]}}]"}}, {"model": "admin.logentry", "pk": 37, "fields": {"action_time": "2021-04-05T00:05:35.472Z", "user": 1, "content_type": 8, "object_id": "1", "object_repr": "kaizer", "action_flag": 2, "change_message": "[{\"changed\": {\"fields\": [\"birthday\"]}}]"}}, {"model": "admin.logentry", "pk": 38, "fields": {"action_time": "2021-04-05T00:08:02.046Z", "user": 1, "content_type": 8, "object_id": "1", "object_repr": "kaizer", "action_flag": 2, "change_message": "[{\"changed\": {\"fields\": [\"birthday\"]}}]"}}, {"model": "admin.logentry", "pk": 39, "fields": {"action_time": "2021-04-05T00:08:16.069Z", "user": 1, "content_type": 8, "object_id": "1", "object_repr": "kaizer", "action_flag": 2, "change_message": "[{\"changed\": {\"fields\": [\"age\"]}}]"}}, {"model": "admin.logentry", "pk": 40, "fields": {"action_time": "2021-04-05T00:12:12.289Z", "user": 1, "content_type": 8, "object_id": "12", "object_repr": "Kira1", "action_flag": 2, "change_message": "[{\"changed\": {\"fields\": [\"age\", \"birthday\"]}}]"}}]